{
  "students": [
    {
      "id": 1,
      "name": "Dukie Scrace",
      "gender": 0,
      "point": 65
    },
    {
      "id": 2,
      "name": "Elfreda Luesley",
      "gender": 1,
      "point": 17
    },
    {
      "id": 3,
      "name": "Anthiathia Hiscoe",
      "gender": 0,
      "point": 6
    },
    {
      "id": 4,
      "name": "Cassy Cregan",
      "gender": 1,
      "point": 68
    },
    {
      "id": 5,
      "name": "Jessa Baurerich",
      "gender": 2,
      "point": 15
    },
    {
      "id": 6,
      "name": "Harley Moreinu",
      "gender": 0,
      "point": 30
    },
    {
      "id": 7,
      "name": "Elden Pagett",
      "gender": 0,
      "point": 89
    },
    {
      "id": 8,
      "name": "Neala McGerr",
      "gender": 2,
      "point": 69
    },
    {
      "id": 9,
      "name": "Aldous Byford",
      "gender": 2,
      "point": 40
    },
    {
      "id": 10,
      "name": "Helenelizabeth Frickey",
      "gender": 2,
      "point": 17
    },
    {
      "id": 11,
      "name": "Ira Dwerryhouse",
      "gender": 2,
      "point": 90
    },
    {
      "id": 12,
      "name": "Rees Rowley",
      "gender": 0,
      "point": 56
    },
    {
      "id": 13,
      "name": "York Soff",
      "gender": 2,
      "point": 59
    },
    {
      "id": 14,
      "name": "Dari Massimi",
      "gender": 2,
      "point": 97
    },
    {
      "id": 15,
      "name": "Windham Bentham",
      "gender": 2,
      "point": 74
    },
    {
      "id": 16,
      "name": "Frederique Strathman",
      "gender": 2,
      "point": 49
    },
    {
      "id": 17,
      "name": "Jen Hargrave",
      "gender": 1,
      "point": 65
    },
    {
      "id": 18,
      "name": "Tad Clarson",
      "gender": 0,
      "point": 75
    },
    {
      "id": 19,
      "name": "Ellary Rediers",
      "gender": 2,
      "point": 69
    },
    {
      "id": 20,
      "name": "Xylina Maso",
      "gender": 1,
      "point": 77
    },
    {
      "id": 21,
      "name": "Sayre Twinberrow",
      "gender": 1,
      "point": 21
    },
    {
      "id": 22,
      "name": "Mendy Ahmed",
      "gender": 2,
      "point": 22
    },
    {
      "id": 23,
      "name": "Zacharia Cornborough",
      "gender": 2,
      "point": 84
    },
    {
      "id": 24,
      "name": "Hilly Sooper",
      "gender": 1,
      "point": 1
    },
    {
      "id": 25,
      "name": "Rutger Brou",
      "gender": 1,
      "point": 60
    },
    {
      "id": 26,
      "name": "Leicester Maasze",
      "gender": 2,
      "point": 84
    },
    {
      "id": 27,
      "name": "Dionysus Simonini",
      "gender": 0,
      "point": 58
    },
    {
      "id": 28,
      "name": "Loydie Node",
      "gender": 2,
      "point": 4
    },
    {
      "id": 29,
      "name": "Daphna Lober",
      "gender": 2,
      "point": 66
    },
    {
      "id": 30,
      "name": "Quintilla Highton",
      "gender": 2,
      "point": 86
    },
    {
      "id": 31,
      "name": "Cass Stredwick",
      "gender": 1,
      "point": 77
    },
    {
      "id": 32,
      "name": "Lynnell Berkelay",
      "gender": 0,
      "point": 72
    },
    {
      "id": 33,
      "name": "Nevile Withur",
      "gender": 0,
      "point": 46
    },
    {
      "id": 34,
      "name": "Kendrick Hinz",
      "gender": 2,
      "point": 6
    },
    {
      "id": 35,
      "name": "Georgi Bandt",
      "gender": 1,
      "point": 85
    },
    {
      "id": 36,
      "name": "Melisse Kennedy",
      "gender": 0,
      "point": 19
    },
    {
      "id": 37,
      "name": "Vera Tomisch",
      "gender": 1,
      "point": 47
    },
    {
      "id": 38,
      "name": "Amberly Botton",
      "gender": 1,
      "point": 100
    },
    {
      "id": 39,
      "name": "Janelle Goundsy",
      "gender": 2,
      "point": 36
    },
    {
      "id": 40,
      "name": "Rozanna Crix",
      "gender": 0,
      "point": 44
    },
    {
      "id": 41,
      "name": "Temple Jamieson",
      "gender": 2,
      "point": 23
    },
    {
      "id": 42,
      "name": "Kordula Petken",
      "gender": 0,
      "point": 75
    },
    {
      "id": 43,
      "name": "Phylis Cardero",
      "gender": 1,
      "point": 59
    },
    {
      "id": 44,
      "name": "Amerigo Grestie",
      "gender": 0,
      "point": 97
    },
    {
      "id": 45,
      "name": "Lory Dawidman",
      "gender": 0,
      "point": 49
    },
    {
      "id": 46,
      "name": "Evangelina McGaffey",
      "gender": 1,
      "point": 30
    },
    {
      "id": 47,
      "name": "Tann Toler",
      "gender": 0,
      "point": 92
    },
    {
      "id": 48,
      "name": "Johanna Mansell",
      "gender": 0,
      "point": 62
    },
    {
      "id": 49,
      "name": "Fawne Henricsson",
      "gender": 1,
      "point": 8
    },
    {
      "id": 50,
      "name": "Addy Earnshaw",
      "gender": 1,
      "point": 34
    },
    {
      "id": 51,
      "name": "Georgette Bolderson",
      "gender": 0,
      "point": 13
    },
    {
      "id": 52,
      "name": "Corenda Yann",
      "gender": 2,
      "point": 36
    },
    {
      "id": 53,
      "name": "Bendix Peake",
      "gender": 2,
      "point": 55
    },
    {
      "id": 54,
      "name": "Lizbeth Gutridge",
      "gender": 0,
      "point": 77
    },
    {
      "id": 55,
      "name": "Teresina Doniso",
      "gender": 1,
      "point": 79
    },
    {
      "id": 56,
      "name": "Frazer Jansik",
      "gender": 0,
      "point": 90
    },
    {
      "id": 57,
      "name": "Frederich Pally",
      "gender": 2,
      "point": 19
    },
    {
      "id": 58,
      "name": "Hilly Willgoss",
      "gender": 0,
      "point": 42
    },
    {
      "id": 59,
      "name": "Grannie Sherrett",
      "gender": 0,
      "point": 35
    },
    {
      "id": 60,
      "name": "Heather Thorsby",
      "gender": 1,
      "point": 35
    },
    {
      "id": 61,
      "name": "Miguela Dennehy",
      "gender": 1,
      "point": 53
    },
    {
      "id": 62,
      "name": "Wenda Collard",
      "gender": 1,
      "point": 57
    },
    {
      "id": 63,
      "name": "Hogan Leupoldt",
      "gender": 0,
      "point": 84
    },
    {
      "id": 64,
      "name": "Noell Podd",
      "gender": 0,
      "point": 99
    },
    {
      "id": 65,
      "name": "Darline Dudhill",
      "gender": 1,
      "point": 72
    },
    {
      "id": 66,
      "name": "Sydney Ninnoli",
      "gender": 1,
      "point": 99
    },
    {
      "id": 67,
      "name": "Enoch Torre",
      "gender": 0,
      "point": 7
    },
    {
      "id": 68,
      "name": "Coleen Kendred",
      "gender": 2,
      "point": 10
    },
    {
      "id": 69,
      "name": "Melba Sheekey",
      "gender": 2,
      "point": 29
    },
    {
      "id": 70,
      "name": "Renie Rooney",
      "gender": 0,
      "point": 15
    },
    {
      "id": 71,
      "name": "Mac Najera",
      "gender": 1,
      "point": 94
    },
    {
      "id": 72,
      "name": "Reggie Dorney",
      "gender": 1,
      "point": 75
    },
    {
      "id": 73,
      "name": "Eulalie Speak",
      "gender": 1,
      "point": 22
    },
    {
      "id": 74,
      "name": "Zelda Daveley",
      "gender": 0,
      "point": 27
    },
    {
      "id": 75,
      "name": "Dorella Havard",
      "gender": 0,
      "point": 65
    },
    {
      "id": 76,
      "name": "Amaleta Phebey",
      "gender": 0,
      "point": 57
    },
    {
      "id": 77,
      "name": "Pernell Beed",
      "gender": 0,
      "point": 83
    },
    {
      "id": 78,
      "name": "Damara Boorman",
      "gender": 0,
      "point": 100
    },
    {
      "id": 79,
      "name": "Sarajane Balch",
      "gender": 0,
      "point": 20
    },
    {
      "id": 80,
      "name": "Dot Cossentine",
      "gender": 2,
      "point": 43
    },
    {
      "id": 81,
      "name": "Blondy Klus",
      "gender": 1,
      "point": 88
    },
    {
      "id": 82,
      "name": "Stephenie Roney",
      "gender": 0,
      "point": 93
    },
    {
      "id": 83,
      "name": "Andrej Dungate",
      "gender": 1,
      "point": 95
    },
    {
      "id": 84,
      "name": "Hubey Lesurf",
      "gender": 2,
      "point": 88
    },
    {
      "id": 85,
      "name": "Eleonora Sprasen",
      "gender": 1,
      "point": 4
    },
    {
      "id": 86,
      "name": "Hewie Hursey",
      "gender": 2,
      "point": 64
    },
    {
      "id": 87,
      "name": "Nonah Corrigan",
      "gender": 2,
      "point": 83
    },
    {
      "id": 88,
      "name": "Niki Harken",
      "gender": 1,
      "point": 66
    },
    {
      "id": 89,
      "name": "Kaiser Falkus",
      "gender": 0,
      "point": 80
    },
    {
      "id": 90,
      "name": "Vally Ferie",
      "gender": 1,
      "point": 6
    },
    {
      "id": 91,
      "name": "Wait Dodds",
      "gender": 2,
      "point": 91
    },
    {
      "id": 92,
      "name": "Lilly Lintott",
      "gender": 0,
      "point": 20
    },
    {
      "id": 93,
      "name": "Dorene Bareham",
      "gender": 1,
      "point": 30
    },
    {
      "id": 94,
      "name": "Ofella Bransdon",
      "gender": 2,
      "point": 80
    },
    {
      "id": 95,
      "name": "Ferrell Valasek",
      "gender": 2,
      "point": 28
    },
    {
      "id": 96,
      "name": "Mauricio Yakutin",
      "gender": 0,
      "point": 5
    },
    {
      "id": 97,
      "name": "Ileana Nend",
      "gender": 0,
      "point": 91
    },
    {
      "id": 98,
      "name": "Dacia Hutten",
      "gender": 0,
      "point": 77
    },
    {
      "id": 99,
      "name": "Leona Wayper",
      "gender": 1,
      "point": 25
    },
    {
      "id": 100,
      "name": "Dacy Chatburn",
      "gender": 2,
      "point": 0
    },
    {
      "name": "Hong",
      "gender": 0,
      "point": 65,
      "id": 101
    },
    {
      "name": "No name",
      "gender": "0",
      "point": 11,
      "id": 102
    },
    {
      "name": "No name11",
      "gender": "2",
      "point": 11,
      "id": 103
    },
    {
      "name": "Hong",
      "gender": 0,
      "point": 65,
      "id": 104
    }
  ]
}